{"cameraMode":{"drawMode":0,"name":"Shaded","section":"Shading Mode"},"sceneLighting":true,"audioPlay":false,"sceneViewState":{"showFog":true,"showMaterialUpdate":false,"showSkybox":true,"showFlares":true,"showImageEffects":true,"showParticleSystems":true},"in2DMode":false,"pivot":{"x":0.1958371102809906,"y":28.10909652709961,"z":23.361278533935548},"rotation":{"x":-0.00878185871988535,"y":-0.5827893614768982,"z":-0.8125585317611694,"w":0.006280806381255388},"size":3.53378963470459,"orthographic":false}