{"cameraMode":{"drawMode":0,"name":"Shaded","section":"Shading Mode"},"sceneLighting":true,"audioPlay":false,"sceneViewState":{"showFog":true,"showMaterialUpdate":false,"showSkybox":true,"showFlares":true,"showImageEffects":true,"showParticleSystems":true},"in2DMode":false,"pivot":{"x":-28.04745101928711,"y":24.460662841796876,"z":-7.501026153564453},"rotation":{"x":0.8896242380142212,"y":0.05475214496254921,"z":-0.4396558105945587,"w":0.11079053580760956},"size":23.624897003173829,"orthographic":true}