{"cameraMode":{"drawMode":0,"name":"Shaded","section":"Shading Mode"},"sceneLighting":true,"audioPlay":false,"sceneViewState":{"showFog":true,"showMaterialUpdate":false,"showSkybox":true,"showFlares":true,"showImageEffects":true,"showParticleSystems":true},"in2DMode":false,"pivot":{"x":-1.6015444993972779,"y":35.40104675292969,"z":34.5904541015625},"rotation":{"x":0.999503493309021,"y":0.0003349913458805531,"z":-0.029393784701824189,"w":0.011392664164304734},"size":58.48232650756836,"orthographic":true}