{"cameraMode":{"drawMode":0,"name":"Shaded","section":"Shading Mode"},"sceneLighting":true,"audioPlay":false,"sceneViewState":{"showFog":true,"showMaterialUpdate":false,"showSkybox":true,"showFlares":true,"showImageEffects":true,"showParticleSystems":true},"in2DMode":false,"pivot":{"x":-1.6015444993972779,"y":35.40104675292969,"z":34.5904541015625},"rotation":{"x":0.9319301843643189,"y":0.005543848499655724,"z":-0.014259516261518002,"w":0.36231711506843569},"size":58.48232650756836,"orthographic":true}