{"cameraMode":{"drawMode":0,"name":"Shaded","section":"Shading Mode"},"sceneLighting":true,"audioPlay":false,"sceneViewState":{"showFog":true,"showMaterialUpdate":false,"showSkybox":true,"showFlares":true,"showImageEffects":true,"showParticleSystems":true},"in2DMode":false,"pivot":{"x":0.807845413684845,"y":47.31088638305664,"z":35.54732131958008},"rotation":{"x":0.4088534116744995,"y":-0.0996093899011612,"z":0.04494890198111534,"w":0.9060341119766235},"size":44.90833282470703,"orthographic":false}