{"cameraMode":{"drawMode":0,"name":"Shaded","section":"Shading Mode"},"sceneLighting":true,"audioPlay":false,"sceneViewState":{"showFog":true,"showMaterialUpdate":false,"showSkybox":true,"showFlares":true,"showImageEffects":true,"showParticleSystems":true},"in2DMode":false,"pivot":{"x":2.850454330444336,"y":44.88368225097656,"z":-0.5298826694488525},"rotation":{"x":0.004792836960405111,"y":0.649152934551239,"z":-0.7606325149536133,"w":0.004090278875082731},"size":107.80999755859375,"orthographic":false}