{"cameraMode":{"drawMode":0,"name":"Shaded","section":"Shading Mode"},"sceneLighting":true,"audioPlay":false,"sceneViewState":{"showFog":true,"showMaterialUpdate":false,"showSkybox":true,"showFlares":true,"showImageEffects":true,"showParticleSystems":true},"in2DMode":false,"pivot":{"x":-28.04745101928711,"y":24.460662841796876,"z":-7.501026153564453},"rotation":{"x":0.9215569496154785,"y":0.046332065016031268,"z":-0.36754754185676577,"w":0.11617127060890198},"size":23.290813446044923,"orthographic":true}