{"cameraMode":{"drawMode":0,"name":"Shaded","section":"Shading Mode"},"sceneLighting":true,"audioPlay":false,"sceneViewState":{"showFog":true,"showMaterialUpdate":false,"showSkybox":true,"showFlares":true,"showImageEffects":true,"showParticleSystems":true},"in2DMode":false,"pivot":{"x":4.251502513885498,"y":2.3055050373077394,"z":48.44703674316406},"rotation":{"x":0.9319301843643189,"y":0.005543848499655724,"z":-0.014259516261518002,"w":0.36231711506843569},"size":63.713687896728519,"orthographic":true}